train_runtime,train_samples_per_second,train_steps_per_second,total_flos,train_loss,epoch,batch_size
784.6373,95.586,5.976,9834539051060448.0,0.25446754906268537,3.0,16
772.7631,97.054,3.036,9931045690587552.0,0.2628471296461647,3.0,32
773.1203,97.009,1.517,9935003154122400.0,0.2801322644323949,3.0,64
845.288,88.727,0.696,9935003154122400.0,0.3087166442352087,3.0,128
824.3102,90.985,0.357,9935054899200000.0,0.3584741345879172,3.0,256
844.6201,88.797,0.174,9935054899200000.0,0.4610259905964339,3.0,512
