batch_size,avg_time_per_epoch
32,650.1576646109994
64,544.565353027996
128,511.2799087363334
