batch_size,avg_time_per_epoch
16,557.7380277999982
32,310.1566874250013
64,158.05713002500124
128,82.99946510840091
256,45.34282477499801
512,26.151384899998085
1024,19.704990783400717
