batch_size,avg_time_per_epoch
32,399.6330633473335
64,406.9945076526674
128,412.54641526400036
