batch_size,avg_time_per_epoch
16,217.63659954159994
32,161.3490051834
64,132.2941919167999
128,117.68523968320005
256,113.82909958320015
512,112.69812159999965
1024,113.1828034916005
