batch_size,avg_time_per_epoch
16,111.7118403116862
32,105.45077594121297
64,95.17820398012798
128,89.20882733662923
